SET SESSION FOREIGN_KEY_CHECKS=0;
REPLACE INTO  `js_sys_config`(`id`, `config_name`, `config_key`, `config_value`, `is_sys`, `create_by`, `create_date`, `update_by`, `update_date`, `remarks`) VALUES ('1384041605332586496', '研发工具-代码生成默认包名', 'gen.defaultPackageName', 'net.syzc.modules', '1', 'system', '2021-04-19 15:10:08', 'system', '2021-04-19 16:40:16', '新建项目后，修改该键值，在生成代码的时候就不要再修改了');

INSERT IGNORE INTO  `js_sys_module`(`module_code`, `module_name`, `description`, `main_class_name`, `current_version`, `upgrade_info`, `status`, `create_by`, `create_date`, `update_by`, `update_date`, `remarks`) VALUES ('pm', '项目管理', '项目管理', 'net.syzc.modules.pm.PmProjBaseController', '4.2.4', 'upgrade 2021-04-13 18:08:40 (4.2.3 -> 4.2.4)', '0', 'system', '2021-04-13 13:58:11', 'system', '2021-04-13 18:08:40', NULL);

commit ;
select * from js_sys_menu where parent_codes like '%1381568082755850240%'
order by parent_codes;
select js_sys_role_menu.* from js_sys_role_menu inner join js_sys_menu
                                                           on js_sys_role_menu.menu_code = js_sys_menu.menu_code
where parent_codes like '%1381568082755850240%';

INSERT IGNORE INTO   `js_sys_menu`(`menu_code`, `parent_code`, `parent_codes`, `tree_sort`, `tree_sorts`, `tree_leaf`, `tree_level`, `tree_names`, `menu_name`, `menu_type`, `menu_href`, `menu_target`, `menu_icon`, `menu_color`, `menu_title`, `permission`, `weight`, `is_show`, `sys_code`, `module_codes`, `status`, `create_by`, `create_date`, `update_by`, `update_date`, `remarks`, `extend_s1`, `extend_s2`, `extend_s3`, `extend_s4`, `extend_s5`, `extend_s6`, `extend_s7`, `extend_s8`, `extend_i1`, `extend_i2`, `extend_i3`, `extend_i4`, `extend_f1`, `extend_f2`, `extend_f3`, `extend_f4`, `extend_d1`, `extend_d2`, `extend_d3`, `extend_d4`) VALUES ('1381913862833754112', '1381568082755850240', '0,1381568082755850240,', 30, '0000009000,0000000030,', '0', 1, '项目管理/项目信息', '项目信息', '1', '/pm/pmProjBase/list', '', 'fa fa-book', '', '项目信息', '', 40, '1', 'default', 'pm', '0', 'system', '2021-04-13 18:15:14', 'system', '2021-04-13 19:17:35', '', '', '', '', '', '', '', '', '', NULL, NULL, NULL, NULL, NULL, NULL, NULL, NULL, NULL, NULL, NULL, NULL);
INSERT IGNORE INTO   `js_sys_menu`(`menu_code`, `parent_code`, `parent_codes`, `tree_sort`, `tree_sorts`, `tree_leaf`, `tree_level`, `tree_names`, `menu_name`, `menu_type`, `menu_href`, `menu_target`, `menu_icon`, `menu_color`, `menu_title`, `permission`, `weight`, `is_show`, `sys_code`, `module_codes`, `status`, `create_by`, `create_date`, `update_by`, `update_date`, `remarks`, `extend_s1`, `extend_s2`, `extend_s3`, `extend_s4`, `extend_s5`, `extend_s6`, `extend_s7`, `extend_s8`, `extend_i1`, `extend_i2`, `extend_i3`, `extend_i4`, `extend_f1`, `extend_f2`, `extend_f3`, `extend_f4`, `extend_d1`, `extend_d2`, `extend_d3`, `extend_d4`) VALUES ('1384166903378653184', '1381568082755850240', '0,1381568082755850240,', 60, '0000009000,0000000060,', '0', 1, '项目管理/用户二维码密码', '用户二维码密码', '1', '/pm/pmProjQrUser/list', '', 'fa fa-key', '', '用户二维码密码', '', 40, '1', 'default', 'pm', '0', 'system', '2021-04-19 23:28:01', 'system', '2021-04-19 23:29:04', '', '', '', '', '', '', '', '', '', NULL, NULL, NULL, NULL, NULL, NULL, NULL, NULL, NULL, NULL, NULL, NULL);
INSERT IGNORE INTO   `js_sys_menu`(`menu_code`, `parent_code`, `parent_codes`, `tree_sort`, `tree_sorts`, `tree_leaf`, `tree_level`, `tree_names`, `menu_name`, `menu_type`, `menu_href`, `menu_target`, `menu_icon`, `menu_color`, `menu_title`, `permission`, `weight`, `is_show`, `sys_code`, `module_codes`, `status`, `create_by`, `create_date`, `update_by`, `update_date`, `remarks`, `extend_s1`, `extend_s2`, `extend_s3`, `extend_s4`, `extend_s5`, `extend_s6`, `extend_s7`, `extend_s8`, `extend_i1`, `extend_i2`, `extend_i3`, `extend_i4`, `extend_f1`, `extend_f2`, `extend_f3`, `extend_f4`, `extend_d1`, `extend_d2`, `extend_d3`, `extend_d4`) VALUES ('1385432577393885184', '1381568082755850240', '0,1381568082755850240,', 120, '0000009000,0000000120,', '0', 1, '项目管理/项目授权', '项目授权', '1', '/pm/pmProjLic/list', '', 'fa fa-eye', '', '项目授权', '', 40, '1', 'default', 'pm', '0', 'system', '2021-04-23 11:17:21', 'system', '2021-04-23 15:19:24', '', '', '', '', '', '', '', '', '', NULL, NULL, NULL, NULL, NULL, NULL, NULL, NULL, NULL, NULL, NULL, NULL);
INSERT IGNORE INTO   `js_sys_menu`(`menu_code`, `parent_code`, `parent_codes`, `tree_sort`, `tree_sorts`, `tree_leaf`, `tree_level`, `tree_names`, `menu_name`, `menu_type`, `menu_href`, `menu_target`, `menu_icon`, `menu_color`, `menu_title`, `permission`, `weight`, `is_show`, `sys_code`, `module_codes`, `status`, `create_by`, `create_date`, `update_by`, `update_date`, `remarks`, `extend_s1`, `extend_s2`, `extend_s3`, `extend_s4`, `extend_s5`, `extend_s6`, `extend_s7`, `extend_s8`, `extend_i1`, `extend_i2`, `extend_i3`, `extend_i4`, `extend_f1`, `extend_f2`, `extend_f3`, `extend_f4`, `extend_d1`, `extend_d2`, `extend_d3`, `extend_d4`) VALUES ('1385432887747215360', '1381568082755850240', '0,1381568082755850240,', 90, '0000009000,0000000090,', '0', 1, '项目管理/功能模块', '功能模块', '1', '/pm/pmModule/list', '', 'icon-menu', '', '功能模块', '', 40, '1', 'default', 'pm', '0', 'system', '2021-04-23 11:18:35', 'system', '2021-04-23 11:21:02', '', '', '', '', '', '', '', '', '', NULL, NULL, NULL, NULL, NULL, NULL, NULL, NULL, NULL, NULL, NULL, NULL);
INSERT IGNORE INTO   `js_sys_menu`(`menu_code`, `parent_code`, `parent_codes`, `tree_sort`, `tree_sorts`, `tree_leaf`, `tree_level`, `tree_names`, `menu_name`, `menu_type`, `menu_href`, `menu_target`, `menu_icon`, `menu_color`, `menu_title`, `permission`, `weight`, `is_show`, `sys_code`, `module_codes`, `status`, `create_by`, `create_date`, `update_by`, `update_date`, `remarks`, `extend_s1`, `extend_s2`, `extend_s3`, `extend_s4`, `extend_s5`, `extend_s6`, `extend_s7`, `extend_s8`, `extend_i1`, `extend_i2`, `extend_i3`, `extend_i4`, `extend_f1`, `extend_f2`, `extend_f3`, `extend_f4`, `extend_d1`, `extend_d2`, `extend_d3`, `extend_d4`) VALUES ('1381929255062007808', '1381913862833754112', '0,1381568082755850240,1381913862833754112,', 30, '0000009000,0000000030,0000000030,', '1', 2, '项目管理/项目信息/查看', '查看', '2', '', '', '', '', '', 'pm:pmProjBase:view', 40, '1', 'default', 'pm', '0', 'system', '2021-04-13 19:16:24', 'system', '2021-04-13 19:16:44', '', '', '', '', '', '', '', '', '', NULL, NULL, NULL, NULL, NULL, NULL, NULL, NULL, NULL, NULL, NULL, NULL);
INSERT IGNORE INTO   `js_sys_menu`(`menu_code`, `parent_code`, `parent_codes`, `tree_sort`, `tree_sorts`, `tree_leaf`, `tree_level`, `tree_names`, `menu_name`, `menu_type`, `menu_href`, `menu_target`, `menu_icon`, `menu_color`, `menu_title`, `permission`, `weight`, `is_show`, `sys_code`, `module_codes`, `status`, `create_by`, `create_date`, `update_by`, `update_date`, `remarks`, `extend_s1`, `extend_s2`, `extend_s3`, `extend_s4`, `extend_s5`, `extend_s6`, `extend_s7`, `extend_s8`, `extend_i1`, `extend_i2`, `extend_i3`, `extend_i4`, `extend_f1`, `extend_f2`, `extend_f3`, `extend_f4`, `extend_d1`, `extend_d2`, `extend_d3`, `extend_d4`) VALUES ('1382229451805200384', '1381913862833754112', '0,1381568082755850240,1381913862833754112,', 60, '0000009000,0000000030,0000000060,', '1', 2, '项目管理/项目信息/编辑', '编辑', '2', '', '', '', '', '', 'pm:pmProjBase:edit', 40, '1', 'default', 'pm', '0', 'system', '2021-04-14 15:09:17', 'system', '2021-04-14 15:09:17', '', '', '', '', '', '', '', '', '', NULL, NULL, NULL, NULL, NULL, NULL, NULL, NULL, NULL, NULL, NULL, NULL);
INSERT IGNORE INTO   `js_sys_menu`(`menu_code`, `parent_code`, `parent_codes`, `tree_sort`, `tree_sorts`, `tree_leaf`, `tree_level`, `tree_names`, `menu_name`, `menu_type`, `menu_href`, `menu_target`, `menu_icon`, `menu_color`, `menu_title`, `permission`, `weight`, `is_show`, `sys_code`, `module_codes`, `status`, `create_by`, `create_date`, `update_by`, `update_date`, `remarks`, `extend_s1`, `extend_s2`, `extend_s3`, `extend_s4`, `extend_s5`, `extend_s6`, `extend_s7`, `extend_s8`, `extend_i1`, `extend_i2`, `extend_i3`, `extend_i4`, `extend_f1`, `extend_f2`, `extend_f3`, `extend_f4`, `extend_d1`, `extend_d2`, `extend_d3`, `extend_d4`) VALUES ('1384167108354289664', '1384166903378653184', '0,1381568082755850240,1384166903378653184,', 30, '0000009000,0000000060,0000000030,', '1', 2, '项目管理/用户二维码密码/查看', '查看', '2', '', '', '', '', '', 'pm:pmProjQrUser:view', 40, '1', 'default', 'pm', '0', 'system', '2021-04-19 23:28:50', 'system', '2021-04-19 23:29:18', '', '', '', '', '', '', '', '', '', NULL, NULL, NULL, NULL, NULL, NULL, NULL, NULL, NULL, NULL, NULL, NULL);
INSERT IGNORE INTO   `js_sys_menu`(`menu_code`, `parent_code`, `parent_codes`, `tree_sort`, `tree_sorts`, `tree_leaf`, `tree_level`, `tree_names`, `menu_name`, `menu_type`, `menu_href`, `menu_target`, `menu_icon`, `menu_color`, `menu_title`, `permission`, `weight`, `is_show`, `sys_code`, `module_codes`, `status`, `create_by`, `create_date`, `update_by`, `update_date`, `remarks`, `extend_s1`, `extend_s2`, `extend_s3`, `extend_s4`, `extend_s5`, `extend_s6`, `extend_s7`, `extend_s8`, `extend_i1`, `extend_i2`, `extend_i3`, `extend_i4`, `extend_f1`, `extend_f2`, `extend_f3`, `extend_f4`, `extend_d1`, `extend_d2`, `extend_d3`, `extend_d4`) VALUES ('1384167364068421632', '1384166903378653184', '0,1381568082755850240,1384166903378653184,', 60, '0000009000,0000000060,0000000060,', '1', 2, '项目管理/用户二维码密码/编辑', '编辑', '2', '', '', '', '', '', 'pm:pmProjQrUser:edit', 40, '1', 'default', 'pm', '0', 'system', '2021-04-19 23:29:51', 'system', '2021-04-19 23:29:51', '', '', '', '', '', '', '', '', '', NULL, NULL, NULL, NULL, NULL, NULL, NULL, NULL, NULL, NULL, NULL, NULL);
INSERT IGNORE INTO   `js_sys_menu`(`menu_code`, `parent_code`, `parent_codes`, `tree_sort`, `tree_sorts`, `tree_leaf`, `tree_level`, `tree_names`, `menu_name`, `menu_type`, `menu_href`, `menu_target`, `menu_icon`, `menu_color`, `menu_title`, `permission`, `weight`, `is_show`, `sys_code`, `module_codes`, `status`, `create_by`, `create_date`, `update_by`, `update_date`, `remarks`, `extend_s1`, `extend_s2`, `extend_s3`, `extend_s4`, `extend_s5`, `extend_s6`, `extend_s7`, `extend_s8`, `extend_i1`, `extend_i2`, `extend_i3`, `extend_i4`, `extend_f1`, `extend_f2`, `extend_f3`, `extend_f4`, `extend_d1`, `extend_d2`, `extend_d3`, `extend_d4`) VALUES ('1385493291320016896', '1385432577393885184', '0,1381568082755850240,1385432577393885184,', 30, '0000009000,0000000120,0000000030,', '1', 2, '项目管理/项目授权/查看', '查看', '2', '', '', '', '', '', 'pm:pmProjLic:view', 40, '1', 'default', 'pm', '0', 'system', '2021-04-23 15:18:37', 'system', '2021-04-23 15:20:06', '', '', '', '', '', '', '', '', '', NULL, NULL, NULL, NULL, NULL, NULL, NULL, NULL, NULL, NULL, NULL, NULL);
INSERT IGNORE INTO   `js_sys_menu`(`menu_code`, `parent_code`, `parent_codes`, `tree_sort`, `tree_sorts`, `tree_leaf`, `tree_level`, `tree_names`, `menu_name`, `menu_type`, `menu_href`, `menu_target`, `menu_icon`, `menu_color`, `menu_title`, `permission`, `weight`, `is_show`, `sys_code`, `module_codes`, `status`, `create_by`, `create_date`, `update_by`, `update_date`, `remarks`, `extend_s1`, `extend_s2`, `extend_s3`, `extend_s4`, `extend_s5`, `extend_s6`, `extend_s7`, `extend_s8`, `extend_i1`, `extend_i2`, `extend_i3`, `extend_i4`, `extend_f1`, `extend_f2`, `extend_f3`, `extend_f4`, `extend_d1`, `extend_d2`, `extend_d3`, `extend_d4`) VALUES ('1385493589967044608', '1385432577393885184', '0,1381568082755850240,1385432577393885184,', 60, '0000009000,0000000120,0000000060,', '1', 2, '项目管理/项目授权/编辑', '编辑', '2', '', '', '', '', '', 'pm:pmProjLic:edit', 40, '1', 'default', 'pm', '0', 'system', '2021-04-23 15:19:48', 'system', '2021-04-23 15:20:26', '', '', '', '', '', '', '', '', '', NULL, NULL, NULL, NULL, NULL, NULL, NULL, NULL, NULL, NULL, NULL, NULL);
INSERT IGNORE INTO   `js_sys_menu`(`menu_code`, `parent_code`, `parent_codes`, `tree_sort`, `tree_sorts`, `tree_leaf`, `tree_level`, `tree_names`, `menu_name`, `menu_type`, `menu_href`, `menu_target`, `menu_icon`, `menu_color`, `menu_title`, `permission`, `weight`, `is_show`, `sys_code`, `module_codes`, `status`, `create_by`, `create_date`, `update_by`, `update_date`, `remarks`, `extend_s1`, `extend_s2`, `extend_s3`, `extend_s4`, `extend_s5`, `extend_s6`, `extend_s7`, `extend_s8`, `extend_i1`, `extend_i2`, `extend_i3`, `extend_i4`, `extend_f1`, `extend_f2`, `extend_f3`, `extend_f4`, `extend_d1`, `extend_d2`, `extend_d3`, `extend_d4`) VALUES ('1385493886818910208', '1385432577393885184', '0,1381568082755850240,1385432577393885184,', 90, '0000009000,0000000120,0000000090,', '1', 2, '项目管理/项目授权/颁发', '颁发', '2', '', '', '', '', '', 'pm:pmProjLic:write', 40, '1', 'default', 'pm', '0', 'system', '2021-04-23 15:20:59', 'system', '2021-04-23 15:20:59', '', '', '', '', '', '', '', '', '', NULL, NULL, NULL, NULL, NULL, NULL, NULL, NULL, NULL, NULL, NULL, NULL);
INSERT IGNORE INTO   `js_sys_menu`(`menu_code`, `parent_code`, `parent_codes`, `tree_sort`, `tree_sorts`, `tree_leaf`, `tree_level`, `tree_names`, `menu_name`, `menu_type`, `menu_href`, `menu_target`, `menu_icon`, `menu_color`, `menu_title`, `permission`, `weight`, `is_show`, `sys_code`, `module_codes`, `status`, `create_by`, `create_date`, `update_by`, `update_date`, `remarks`, `extend_s1`, `extend_s2`, `extend_s3`, `extend_s4`, `extend_s5`, `extend_s6`, `extend_s7`, `extend_s8`, `extend_i1`, `extend_i2`, `extend_i3`, `extend_i4`, `extend_f1`, `extend_f2`, `extend_f3`, `extend_f4`, `extend_d1`, `extend_d2`, `extend_d3`, `extend_d4`) VALUES ('1385492905150447616', '1385432887747215360', '0,1381568082755850240,1385432887747215360,', 30, '0000009000,0000000090,0000000030,', '1', 2, '项目管理/功能模块/查看', '查看', '2', '', '', '', '', '', 'pm:pmModule:view', 40, '1', 'default', 'pm', '0', 'system', '2021-04-23 15:17:04', 'system', '2021-04-23 15:17:04', '', '', '', '', '', '', '', '', '', NULL, NULL, NULL, NULL, NULL, NULL, NULL, NULL, NULL, NULL, NULL, NULL);
INSERT IGNORE INTO   `js_sys_menu`(`menu_code`, `parent_code`, `parent_codes`, `tree_sort`, `tree_sorts`, `tree_leaf`, `tree_level`, `tree_names`, `menu_name`, `menu_type`, `menu_href`, `menu_target`, `menu_icon`, `menu_color`, `menu_title`, `permission`, `weight`, `is_show`, `sys_code`, `module_codes`, `status`, `create_by`, `create_date`, `update_by`, `update_date`, `remarks`, `extend_s1`, `extend_s2`, `extend_s3`, `extend_s4`, `extend_s5`, `extend_s6`, `extend_s7`, `extend_s8`, `extend_i1`, `extend_i2`, `extend_i3`, `extend_i4`, `extend_f1`, `extend_f2`, `extend_f3`, `extend_f4`, `extend_d1`, `extend_d2`, `extend_d3`, `extend_d4`) VALUES ('1385493042887196672', '1385432887747215360', '0,1381568082755850240,1385432887747215360,', 60, '0000009000,0000000090,0000000060,', '1', 2, '项目管理/功能模块/编辑', '编辑', '2', '', '', '', '', '', 'pm:pmModule:edit', 40, '1', 'default', 'pm', '0', 'system', '2021-04-23 15:17:37', 'system', '2021-04-23 15:17:37', '', '', '', '', '', '', '', '', '', NULL, NULL, NULL, NULL, NULL, NULL, NULL, NULL, NULL, NULL, NULL, NULL);
INSERT IGNORE INTO   `js_sys_menu`(`menu_code`, `parent_code`, `parent_codes`, `tree_sort`, `tree_sorts`, `tree_leaf`, `tree_level`, `tree_names`, `menu_name`, `menu_type`, `menu_href`, `menu_target`, `menu_icon`, `menu_color`, `menu_title`, `permission`, `weight`, `is_show`, `sys_code`, `module_codes`, `status`, `create_by`, `create_date`, `update_by`, `update_date`, `remarks`, `extend_s1`, `extend_s2`, `extend_s3`, `extend_s4`, `extend_s5`, `extend_s6`, `extend_s7`, `extend_s8`, `extend_i1`, `extend_i2`, `extend_i3`, `extend_i4`, `extend_f1`, `extend_f2`, `extend_f3`, `extend_f4`, `extend_d1`, `extend_d2`, `extend_d3`, `extend_d4`) VALUES ('1385493119731040256', '1385432887747215360', '0,1381568082755850240,1385432887747215360,', 90, '0000009000,0000000090,0000000090,', '1', 2, '项目管理/功能模块/导出', '导出', '2', '', '', '', '', '', 'pm:pmModule:leadin', 40, '1', 'default', 'pm', '0', 'system', '2021-04-23 15:17:56', 'system', '2021-04-23 15:17:56', '', '', '', '', '', '', '', '', '', NULL, NULL, NULL, NULL, NULL, NULL, NULL, NULL, NULL, NULL, NULL, NULL);

commit ;

INSERT IGNORE INTO   `js_sys_role_menu`(`role_code`, `menu_code`) VALUES ('corpAdmin', '1381913862833754112');
INSERT IGNORE INTO   `js_sys_role_menu`(`role_code`, `menu_code`) VALUES ('corpAdmin', '1381929255062007808');
INSERT IGNORE INTO   `js_sys_role_menu`(`role_code`, `menu_code`) VALUES ('corpAdmin', '1382229451805200384');
INSERT IGNORE INTO   `js_sys_role_menu`(`role_code`, `menu_code`) VALUES ('corpAdmin', '1384166903378653184');
INSERT IGNORE INTO   `js_sys_role_menu`(`role_code`, `menu_code`) VALUES ('corpAdmin', '1384167108354289664');
INSERT IGNORE INTO   `js_sys_role_menu`(`role_code`, `menu_code`) VALUES ('corpAdmin', '1384167364068421632');
INSERT IGNORE INTO   `js_sys_role_menu`(`role_code`, `menu_code`) VALUES ('corpAdmin', '1385432577393885184');
INSERT IGNORE INTO   `js_sys_role_menu`(`role_code`, `menu_code`) VALUES ('corpAdmin', '1385432887747215360');
INSERT IGNORE INTO   `js_sys_role_menu`(`role_code`, `menu_code`) VALUES ('corpAdmin', '1385492905150447616');
INSERT IGNORE INTO   `js_sys_role_menu`(`role_code`, `menu_code`) VALUES ('corpAdmin', '1385493042887196672');
INSERT IGNORE INTO   `js_sys_role_menu`(`role_code`, `menu_code`) VALUES ('corpAdmin', '1385493119731040256');
INSERT IGNORE INTO   `js_sys_role_menu`(`role_code`, `menu_code`) VALUES ('corpAdmin', '1385493291320016896');
INSERT IGNORE INTO   `js_sys_role_menu`(`role_code`, `menu_code`) VALUES ('corpAdmin', '1385493589967044608');
INSERT IGNORE INTO   `js_sys_role_menu`(`role_code`, `menu_code`) VALUES ('corpAdmin', '1385493886818910208');

-- replace into
commit;
INSERT IGNORE INTO  `js_gen_table`(`table_name`, `class_name`, `comments`, `parent_table_name`, `parent_table_fk_name`, `data_source_name`, `tpl_category`, `package_name`, `module_name`, `sub_module_name`, `function_name`, `function_name_simple`, `function_author`, `gen_base_dir`, `options`, `create_by`, `create_date`, `update_by`, `update_date`, `remarks`) VALUES ('pm_module', 'PmModule', '功能模块', '', '', '', 'crud', 'net.syzc.modules', 'pm', '', '功能模块', '功能模块', '张文相', 'D:\\Code\\github\\qinqoushui\\QProject\\pm', '{\"treeViewName\":\"\",\"isHaveDelete\":\"1\",\"bpmFormKey\":\"\",\"treeViewCode\":\"\",\"isFileUpload\":\"0\",\"isHaveDisableEnable\":\"0\",\"isBpmForm\":\"0\",\"isImageUpload\":\"0\"}', 'system', '2021-04-23 10:40:56', 'system', '2021-04-23 11:10:26', '');
INSERT IGNORE INTO  `js_gen_table`(`table_name`, `class_name`, `comments`, `parent_table_name`, `parent_table_fk_name`, `data_source_name`, `tpl_category`, `package_name`, `module_name`, `sub_module_name`, `function_name`, `function_name_simple`, `function_author`, `gen_base_dir`, `options`, `create_by`, `create_date`, `update_by`, `update_date`, `remarks`) VALUES ('pm_proj_base', 'PmProjBase', '项目项目信息', '', '', '', 'crud', 'net.syzc.modules', 'pm', '', '项目项目信息', '项目项目信息', '张文相', 'D:\\Code\\github\\qinqoushui\\QProject\\pm', '{\"treeViewName\":\"\",\"isHaveDelete\":\"1\",\"bpmFormKey\":\"\",\"treeViewCode\":\"\",\"isFileUpload\":\"0\",\"isHaveDisableEnable\":\"1\",\"isBpmForm\":\"0\",\"isImageUpload\":\"0\"}', 'system', '2021-04-12 19:17:17', 'system', '2021-04-13 19:04:41', '');
INSERT IGNORE INTO  `js_gen_table`(`table_name`, `class_name`, `comments`, `parent_table_name`, `parent_table_fk_name`, `data_source_name`, `tpl_category`, `package_name`, `module_name`, `sub_module_name`, `function_name`, `function_name_simple`, `function_author`, `gen_base_dir`, `options`, `create_by`, `create_date`, `update_by`, `update_date`, `remarks`) VALUES ('pm_proj_lic', 'PmProjLic', '项目授权信息', '', '', '', 'crud_select', 'net.syzc.modules', 'pm', '', '项目授权信息', '项目授权信息', '张文相', 'D:\\Code\\github\\qinqoushui\\QProject\\pm', '{\"treeViewName\":\"\",\"isHaveDelete\":\"1\",\"bpmFormKey\":\"\",\"treeViewCode\":\"\",\"isFileUpload\":\"0\",\"isHaveDisableEnable\":\"0\",\"isBpmForm\":\"0\",\"isImageUpload\":\"0\"}', 'system', '2021-04-23 11:13:40', 'system', '2021-04-23 11:16:00', '');
INSERT IGNORE INTO  `js_gen_table`(`table_name`, `class_name`, `comments`, `parent_table_name`, `parent_table_fk_name`, `data_source_name`, `tpl_category`, `package_name`, `module_name`, `sub_module_name`, `function_name`, `function_name_simple`, `function_author`, `gen_base_dir`, `options`, `create_by`, `create_date`, `update_by`, `update_date`, `remarks`) VALUES ('pm_proj_lic_module', 'PmProjLicModule', '项目授权模块信息', 'pm_proj_lic', 'lic_id', '', '', 'net.syzc.modules', 'pm', '', '项目授权模块信息', '项目授权模块信息', '张文相', '/', '{\"treeViewName\":\"\",\"isHaveDelete\":\"1\",\"bpmFormKey\":\"\",\"treeViewCode\":\"\",\"isFileUpload\":\"0\",\"isHaveDisableEnable\":\"0\",\"isBpmForm\":\"0\",\"isImageUpload\":\"0\"}', 'system', '2021-04-23 11:15:45', 'system', '2021-04-23 11:15:47', '');
INSERT IGNORE INTO  `js_gen_table`(`table_name`, `class_name`, `comments`, `parent_table_name`, `parent_table_fk_name`, `data_source_name`, `tpl_category`, `package_name`, `module_name`, `sub_module_name`, `function_name`, `function_name_simple`, `function_author`, `gen_base_dir`, `options`, `create_by`, `create_date`, `update_by`, `update_date`, `remarks`) VALUES ('pm_proj_qr_user', 'PmProjQrUser', '项目二维码用户码参数', '', '', '', '', 'net.syzc.modules', 'pm', '', '项目二维码用户码参数', '项目二维码用户码参数', '张文相', 'D:\\Code\\github\\qinqoushui\\QProject\\web', '{\"treeViewName\":\"\",\"isHaveDelete\":\"1\",\"bpmFormKey\":\"\",\"treeViewCode\":\"\",\"isFileUpload\":\"0\",\"isHaveDisableEnable\":\"0\",\"isBpmForm\":\"0\",\"isImageUpload\":\"0\"}', 'system', '2021-04-19 23:47:43', 'system', '2021-04-19 23:47:43', '');
INSERT IGNORE INTO `js_gen_table_column`(`id`, `table_name`, `column_name`, `column_sort`, `column_type`, `column_label`, `comments`, `attr_name`, `attr_type`, `is_pk`, `is_null`, `is_insert`, `is_update`, `is_list`, `is_query`, `query_type`, `is_edit`, `show_type`, `options`) VALUES ('1381567087569145856', 'pm_proj_base', 'id', 10, 'varchar(20)', '编号', '编号', 'id', 'String', '1', '0', '1', '', '', '', 'EQ', '1', 'hidden', '{\"isNewLine\":\"\",\"fieldValid\":\"abc\",\"dictName\":\"\",\"gridRowCol\":\"6/4/8\",\"dictType\":\"\"}');
INSERT IGNORE INTO `js_gen_table_column`(`id`, `table_name`, `column_name`, `column_sort`, `column_type`, `column_label`, `comments`, `attr_name`, `attr_type`, `is_pk`, `is_null`, `is_insert`, `is_update`, `is_list`, `is_query`, `query_type`, `is_edit`, `show_type`, `options`) VALUES ('1381567087590117376', 'pm_proj_base', 'project_name', 20, 'varchar(200)', '项目名称', '项目名称', 'projectName', 'String', '', '0', '1', '1', '1', '1', 'LIKE', '1', 'input', '{\"isNewLine\":\"\",\"fieldValid\":\"\",\"dictName\":\"\",\"gridRowCol\":\"6/4/8\",\"dictType\":\"\"}');
INSERT IGNORE INTO `js_gen_table_column`(`id`, `table_name`, `column_name`, `column_sort`, `column_type`, `column_label`, `comments`, `attr_name`, `attr_type`, `is_pk`, `is_null`, `is_insert`, `is_update`, `is_list`, `is_query`, `query_type`, `is_edit`, `show_type`, `options`) VALUES ('1381567087602700288', 'pm_proj_base', 'status', 30, 'char(1)', '状态', '状态（0正常 1删除 2停用）', 'status', 'String', '', '0', '1', '', '1', '1', 'EQ', '', 'select', '{\"isNewLine\":\"\",\"fieldValid\":\"\",\"dictName\":\"sys_search_status\",\"gridRowCol\":\"6/4/8\",\"dictType\":\"sys_search_status\"}');
INSERT IGNORE INTO `js_gen_table_column`(`id`, `table_name`, `column_name`, `column_sort`, `column_type`, `column_label`, `comments`, `attr_name`, `attr_type`, `is_pk`, `is_null`, `is_insert`, `is_update`, `is_list`, `is_query`, `query_type`, `is_edit`, `show_type`, `options`) VALUES ('1381567087615283200', 'pm_proj_base', 'create_by', 40, 'varchar(64)', '创建者', '创建者', 'createBy', 'String', '', '0', '1', '', '', '', 'EQ', '', 'input', '{\"isNewLine\":\"\",\"fieldValid\":\"\",\"dictName\":\"\",\"gridRowCol\":\"6/4/8\",\"dictType\":\"\"}');
INSERT IGNORE INTO `js_gen_table_column`(`id`, `table_name`, `column_name`, `column_sort`, `column_type`, `column_label`, `comments`, `attr_name`, `attr_type`, `is_pk`, `is_null`, `is_insert`, `is_update`, `is_list`, `is_query`, `query_type`, `is_edit`, `show_type`, `options`) VALUES ('1381567087644643328', 'pm_proj_base', 'create_date', 50, 'datetime', '创建时间', '创建时间', 'createDate', 'java.util.Date', '', '0', '1', '', '', '', 'EQ', '', 'input', '{\"isNewLine\":\"\",\"fieldValid\":\"\",\"dictName\":\"\",\"gridRowCol\":\"6/4/8\",\"dictType\":\"\"}');
INSERT IGNORE INTO `js_gen_table_column`(`id`, `table_name`, `column_name`, `column_sort`, `column_type`, `column_label`, `comments`, `attr_name`, `attr_type`, `is_pk`, `is_null`, `is_insert`, `is_update`, `is_list`, `is_query`, `query_type`, `is_edit`, `show_type`, `options`) VALUES ('1381567087661420544', 'pm_proj_base', 'update_by', 60, 'varchar(64)', '更新者', '更新者', 'updateBy', 'String', '', '0', '1', '1', '', '', 'EQ', '', 'input', '{\"isNewLine\":\"\",\"fieldValid\":\"\",\"dictName\":\"\",\"gridRowCol\":\"6/4/8\",\"dictType\":\"\"}');
INSERT IGNORE INTO `js_gen_table_column`(`id`, `table_name`, `column_name`, `column_sort`, `column_type`, `column_label`, `comments`, `attr_name`, `attr_type`, `is_pk`, `is_null`, `is_insert`, `is_update`, `is_list`, `is_query`, `query_type`, `is_edit`, `show_type`, `options`) VALUES ('1381567087674003456', 'pm_proj_base', 'update_date', 70, 'datetime', '更新时间', '更新时间', 'updateDate', 'java.util.Date', '', '0', '1', '1', '1', '', 'EQ', '', 'input', '{\"isNewLine\":\"\",\"fieldValid\":\"\",\"dictName\":\"\",\"gridRowCol\":\"6/4/8\",\"dictType\":\"\"}');
INSERT IGNORE INTO `js_gen_table_column`(`id`, `table_name`, `column_name`, `column_sort`, `column_type`, `column_label`, `comments`, `attr_name`, `attr_type`, `is_pk`, `is_null`, `is_insert`, `is_update`, `is_list`, `is_query`, `query_type`, `is_edit`, `show_type`, `options`) VALUES ('1381567087690780672', 'pm_proj_base', 'remarks', 80, 'varchar(500)', '备注信息', '备注信息', 'remarks', 'String', '', '1', '1', '1', '1', '1', 'LIKE', '1', 'textarea', '{\"isNewLine\":\"1\",\"fieldValid\":\"\",\"dictName\":\"\",\"gridRowCol\":\"12/2/10\",\"dictType\":\"\"}');
INSERT IGNORE INTO `js_gen_table_column`(`id`, `table_name`, `column_name`, `column_sort`, `column_type`, `column_label`, `comments`, `attr_name`, `attr_type`, `is_pk`, `is_null`, `is_insert`, `is_update`, `is_list`, `is_query`, `query_type`, `is_edit`, `show_type`, `options`) VALUES ('1384171859236806656', 'pm_proj_qr_user', 'id', 10, 'varchar(20)', '编号', '编号', 'id', 'String', '1', '0', '1', '', '', '', 'EQ', '1', 'hidden', '{\"isNewLine\":\"\",\"fieldValid\":\"abc\",\"dictName\":\"\",\"gridRowCol\":\"6/4/8\",\"dictType\":\"\"}');
INSERT IGNORE INTO `js_gen_table_column`(`id`, `table_name`, `column_name`, `column_sort`, `column_type`, `column_label`, `comments`, `attr_name`, `attr_type`, `is_pk`, `is_null`, `is_insert`, `is_update`, `is_list`, `is_query`, `query_type`, `is_edit`, `show_type`, `options`) VALUES ('1384171859261972480', 'pm_proj_qr_user', 'proj_id', 20, 'varchar(20)', '项目编号', '项目编号', 'projId', 'com.jeesite.modules.sys.entity.User', '', '0', '1', '1', '1', '1', 'EQ', '1', 'input', '{\"isNewLine\":\"\",\"fieldValid\":\"\",\"dictName\":\"\",\"gridRowCol\":\"6/4/8\",\"dictType\":\"\"}');
INSERT IGNORE INTO `js_gen_table_column`(`id`, `table_name`, `column_name`, `column_sort`, `column_type`, `column_label`, `comments`, `attr_name`, `attr_type`, `is_pk`, `is_null`, `is_insert`, `is_update`, `is_list`, `is_query`, `query_type`, `is_edit`, `show_type`, `options`) VALUES ('1384171859274555392', 'pm_proj_qr_user', 'qr_type', 30, 'varchar(20)', '二维码厂商', '二维码厂商', 'qrType', 'String', '', '1', '1', '1', '1', '1', 'EQ', '1', 'input', '{\"isNewLine\":\"\",\"fieldValid\":\"\",\"dictName\":\"\",\"gridRowCol\":\"6/4/8\",\"dictType\":\"\"}');
INSERT IGNORE INTO `js_gen_table_column`(`id`, `table_name`, `column_name`, `column_sort`, `column_type`, `column_label`, `comments`, `attr_name`, `attr_type`, `is_pk`, `is_null`, `is_insert`, `is_update`, `is_list`, `is_query`, `query_type`, `is_edit`, `show_type`, `options`) VALUES ('1384171859291332608', 'pm_proj_qr_user', 'password', 40, 'varchar(20)', '密码', '密码', 'password', 'String', '', '0', '1', '1', '1', '1', 'EQ', '1', 'input', '{\"isNewLine\":\"\",\"fieldValid\":\"\",\"dictName\":\"\",\"gridRowCol\":\"6/4/8\",\"dictType\":\"\"}');
INSERT IGNORE INTO `js_gen_table_column`(`id`, `table_name`, `column_name`, `column_sort`, `column_type`, `column_label`, `comments`, `attr_name`, `attr_type`, `is_pk`, `is_null`, `is_insert`, `is_update`, `is_list`, `is_query`, `query_type`, `is_edit`, `show_type`, `options`) VALUES ('1384171859308109824', 'pm_proj_qr_user', 'api_key', 50, 'varchar(32)', 'API密钥', 'API密钥', 'apiKey', 'String', '', '1', '1', '1', '1', '1', 'EQ', '1', 'input', '{\"isNewLine\":\"\",\"fieldValid\":\"\",\"dictName\":\"\",\"gridRowCol\":\"6/4/8\",\"dictType\":\"\"}');
INSERT IGNORE INTO `js_gen_table_column`(`id`, `table_name`, `column_name`, `column_sort`, `column_type`, `column_label`, `comments`, `attr_name`, `attr_type`, `is_pk`, `is_null`, `is_insert`, `is_update`, `is_list`, `is_query`, `query_type`, `is_edit`, `show_type`, `options`) VALUES ('1384171859320692736', 'pm_proj_qr_user', 'is_card_hex', 60, 'tinyint(4)', '十六进制卡号', '十六进制卡号', 'isCardHex', 'Integer', '', '1', '1', '1', '1', '1', 'EQ', '1', 'radio', '{\"isNewLine\":\"\",\"fieldValid\":\"digits\",\"dictName\":\"(sys_yes_no) 是否\",\"gridRowCol\":\"6/4/8\",\"dictType\":\"sys_yes_no\"}');
INSERT IGNORE INTO `js_gen_table_column`(`id`, `table_name`, `column_name`, `column_sort`, `column_type`, `column_label`, `comments`, `attr_name`, `attr_type`, `is_pk`, `is_null`, `is_insert`, `is_update`, `is_list`, `is_query`, `query_type`, `is_edit`, `show_type`, `options`) VALUES ('1384171859329081344', 'pm_proj_qr_user', 'is_cardno_big', 70, 'tinyint(4)', '卡号大端序', '卡号大端序', 'isCardnoBig', 'Integer', '', '1', '1', '1', '1', '1', 'EQ', '1', 'radio', '{\"isNewLine\":\"\",\"fieldValid\":\"digits\",\"dictName\":\"(sys_yes_no) 是否\",\"gridRowCol\":\"6/4/8\",\"dictType\":\"sys_yes_no\"}');
INSERT IGNORE INTO `js_gen_table_column`(`id`, `table_name`, `column_name`, `column_sort`, `column_type`, `column_label`, `comments`, `attr_name`, `attr_type`, `is_pk`, `is_null`, `is_insert`, `is_update`, `is_list`, `is_query`, `query_type`, `is_edit`, `show_type`, `options`) VALUES ('1384171859341664256', 'pm_proj_qr_user', 'is_qr_big', 80, 'tinyint(4)', '二维码卡号大端序', '二维码卡号大端序', 'isQrBig', 'Integer', '', '1', '1', '1', '1', '1', 'EQ', '1', 'radio', '{\"isNewLine\":\"\",\"fieldValid\":\"digits\",\"dictName\":\"(sys_yes_no) 是否\",\"gridRowCol\":\"6/4/8\",\"dictType\":\"sys_yes_no\"}');
INSERT IGNORE INTO `js_gen_table_column`(`id`, `table_name`, `column_name`, `column_sort`, `column_type`, `column_label`, `comments`, `attr_name`, `attr_type`, `is_pk`, `is_null`, `is_insert`, `is_update`, `is_list`, `is_query`, `query_type`, `is_edit`, `show_type`, `options`) VALUES ('1384171859354247168', 'pm_proj_qr_user', 'status', 90, 'char(1)', '状态', '状态（0正常 1删除 2停用）', 'status', 'String', '', '0', '1', '', '1', '1', 'EQ', '', 'select', '{\"isNewLine\":\"\",\"fieldValid\":\"\",\"dictName\":\"sys_search_status\",\"gridRowCol\":\"6/4/8\",\"dictType\":\"sys_search_status\"}');
INSERT IGNORE INTO `js_gen_table_column`(`id`, `table_name`, `column_name`, `column_sort`, `column_type`, `column_label`, `comments`, `attr_name`, `attr_type`, `is_pk`, `is_null`, `is_insert`, `is_update`, `is_list`, `is_query`, `query_type`, `is_edit`, `show_type`, `options`) VALUES ('1384171859371024384', 'pm_proj_qr_user', 'create_by', 100, 'varchar(64)', '创建者', '创建者', 'createBy', 'String', '', '0', '1', '', '', '', 'EQ', '', 'input', '{\"isNewLine\":\"\",\"fieldValid\":\"\",\"dictName\":\"\",\"gridRowCol\":\"6/4/8\",\"dictType\":\"\"}');
INSERT IGNORE INTO `js_gen_table_column`(`id`, `table_name`, `column_name`, `column_sort`, `column_type`, `column_label`, `comments`, `attr_name`, `attr_type`, `is_pk`, `is_null`, `is_insert`, `is_update`, `is_list`, `is_query`, `query_type`, `is_edit`, `show_type`, `options`) VALUES ('1384171859383607296', 'pm_proj_qr_user', 'create_date', 110, 'datetime', '创建时间', '创建时间', 'createDate', 'java.util.Date', '', '0', '1', '', '', '', 'EQ', '', 'input', '{\"isNewLine\":\"\",\"fieldValid\":\"\",\"dictName\":\"\",\"gridRowCol\":\"6/4/8\",\"dictType\":\"\"}');
INSERT IGNORE INTO `js_gen_table_column`(`id`, `table_name`, `column_name`, `column_sort`, `column_type`, `column_label`, `comments`, `attr_name`, `attr_type`, `is_pk`, `is_null`, `is_insert`, `is_update`, `is_list`, `is_query`, `query_type`, `is_edit`, `show_type`, `options`) VALUES ('1384171859400384512', 'pm_proj_qr_user', 'update_by', 120, 'varchar(64)', '更新者', '更新者', 'updateBy', 'String', '', '0', '1', '1', '', '', 'EQ', '', 'input', '{\"isNewLine\":\"\",\"fieldValid\":\"\",\"dictName\":\"\",\"gridRowCol\":\"6/4/8\",\"dictType\":\"\"}');
INSERT IGNORE INTO `js_gen_table_column`(`id`, `table_name`, `column_name`, `column_sort`, `column_type`, `column_label`, `comments`, `attr_name`, `attr_type`, `is_pk`, `is_null`, `is_insert`, `is_update`, `is_list`, `is_query`, `query_type`, `is_edit`, `show_type`, `options`) VALUES ('1384171859417161728', 'pm_proj_qr_user', 'update_date', 130, 'datetime', '更新时间', '更新时间', 'updateDate', 'java.util.Date', '', '0', '1', '1', '1', '', 'EQ', '', 'input', '{\"isNewLine\":\"\",\"fieldValid\":\"\",\"dictName\":\"\",\"gridRowCol\":\"6/4/8\",\"dictType\":\"\"}');
INSERT IGNORE INTO `js_gen_table_column`(`id`, `table_name`, `column_name`, `column_sort`, `column_type`, `column_label`, `comments`, `attr_name`, `attr_type`, `is_pk`, `is_null`, `is_insert`, `is_update`, `is_list`, `is_query`, `query_type`, `is_edit`, `show_type`, `options`) VALUES ('1384171859429744640', 'pm_proj_qr_user', 'remarks', 140, 'varchar(500)', '备注信息', '备注信息', 'remarks', 'String', '', '1', '1', '1', '1', '1', 'LIKE', '1', 'textarea', '{\"isNewLine\":\"1\",\"fieldValid\":\"\",\"dictName\":\"\",\"gridRowCol\":\"12/2/10\",\"dictType\":\"\"}');
INSERT IGNORE INTO `js_gen_table_column`(`id`, `table_name`, `column_name`, `column_sort`, `column_type`, `column_label`, `comments`, `attr_name`, `attr_type`, `is_pk`, `is_null`, `is_insert`, `is_update`, `is_list`, `is_query`, `query_type`, `is_edit`, `show_type`, `options`) VALUES ('1385423409962352640', 'pm_module', 'id', 10, 'varchar(20)', '编号', '编号', 'id', 'String', '1', '0', '1', '', '', '', 'EQ', '1', 'hidden', '{\"isNewLine\":\"1\",\"fieldValid\":\"abc\",\"dictName\":\"\",\"gridRowCol\":\"12/2/5\",\"dictType\":\"\"}');
INSERT IGNORE INTO `js_gen_table_column`(`id`, `table_name`, `column_name`, `column_sort`, `column_type`, `column_label`, `comments`, `attr_name`, `attr_type`, `is_pk`, `is_null`, `is_insert`, `is_update`, `is_list`, `is_query`, `query_type`, `is_edit`, `show_type`, `options`) VALUES ('1385423409979129856', 'pm_module', 'parent_id', 20, 'varchar(20)', '父级编号', '父级编号', 'ParentModule.id', 'com.jeesite.modules.sys.entity.User', '', '1', '1', '1', '1', '1', 'EQ', '1', 'select', '{\"isNewLine\":\"1\",\"fieldValid\":\"\",\"dictName\":\"\",\"gridRowCol\":\"12/2/5\",\"dictType\":\"\"}');
INSERT IGNORE INTO `js_gen_table_column`(`id`, `table_name`, `column_name`, `column_sort`, `column_type`, `column_label`, `comments`, `attr_name`, `attr_type`, `is_pk`, `is_null`, `is_insert`, `is_update`, `is_list`, `is_query`, `query_type`, `is_edit`, `show_type`, `options`) VALUES ('1385423409995907072', 'pm_module', 'module_name', 30, 'varchar(200)', '模块名称', '模块名称', 'moduleName', 'String', '', '1', '1', '1', '1', '1', 'LIKE', '1', 'input', '{\"isNewLine\":\"1\",\"fieldValid\":\"\",\"dictName\":\"\",\"gridRowCol\":\"12/2/5\",\"dictType\":\"\"}');
INSERT IGNORE INTO `js_gen_table_column`(`id`, `table_name`, `column_name`, `column_sort`, `column_type`, `column_label`, `comments`, `attr_name`, `attr_type`, `is_pk`, `is_null`, `is_insert`, `is_update`, `is_list`, `is_query`, `query_type`, `is_edit`, `show_type`, `options`) VALUES ('1385423410012684288', 'pm_module', 'module_tag', 40, 'varchar(50)', '模块标签', '模块标签', 'moduleTag', 'String', '', '1', '1', '1', '1', '1', 'EQ', '1', 'input', '{\"isNewLine\":\"1\",\"fieldValid\":\"\",\"dictName\":\"\",\"gridRowCol\":\"12/2/5\",\"dictType\":\"\"}');
INSERT IGNORE INTO `js_gen_table_column`(`id`, `table_name`, `column_name`, `column_sort`, `column_type`, `column_label`, `comments`, `attr_name`, `attr_type`, `is_pk`, `is_null`, `is_insert`, `is_update`, `is_list`, `is_query`, `query_type`, `is_edit`, `show_type`, `options`) VALUES ('1385423410025267200', 'pm_module', 'module_url', 50, 'varchar(500)', '模块地址', '模块地址', 'moduleUrl', 'String', '', '1', '1', '1', '1', '1', 'EQ', '1', 'input', '{\"isNewLine\":\"1\",\"fieldValid\":\"\",\"dictName\":\"\",\"gridRowCol\":\"12/2/5\",\"dictType\":\"\"}');
INSERT IGNORE INTO `js_gen_table_column`(`id`, `table_name`, `column_name`, `column_sort`, `column_type`, `column_label`, `comments`, `attr_name`, `attr_type`, `is_pk`, `is_null`, `is_insert`, `is_update`, `is_list`, `is_query`, `query_type`, `is_edit`, `show_type`, `options`) VALUES ('1385431648456212480', 'pm_proj_lic', 'id', 10, 'varchar(20)', '编号', '编号', 'id', 'String', '1', '0', '1', '', '', '', 'EQ', '1', 'hidden', '{\"isNewLine\":\"\",\"fieldValid\":\"abc\",\"dictName\":\"\",\"gridRowCol\":\"6/4/8\",\"dictType\":\"\"}');
INSERT IGNORE INTO `js_gen_table_column`(`id`, `table_name`, `column_name`, `column_sort`, `column_type`, `column_label`, `comments`, `attr_name`, `attr_type`, `is_pk`, `is_null`, `is_insert`, `is_update`, `is_list`, `is_query`, `query_type`, `is_edit`, `show_type`, `options`) VALUES ('1385431648464601088', 'pm_proj_lic', 'sn', 20, 'varchar(32)', '授权标识', '授权标识', 'sn', 'String', '', '1', '1', '1', '1', '1', 'EQ', '1', 'input', '{\"isNewLine\":\"\",\"fieldValid\":\"\",\"dictName\":\"\",\"gridRowCol\":\"6/4/8\",\"dictType\":\"\"}');
INSERT IGNORE INTO `js_gen_table_column`(`id`, `table_name`, `column_name`, `column_sort`, `column_type`, `column_label`, `comments`, `attr_name`, `attr_type`, `is_pk`, `is_null`, `is_insert`, `is_update`, `is_list`, `is_query`, `query_type`, `is_edit`, `show_type`, `options`) VALUES ('1385431648472989696', 'pm_proj_lic', 'proj_id', 30, 'varchar(20)', '项目编号', '项目编号', 'projId', 'String', '', '0', '1', '1', '1', '1', 'EQ', '1', 'input', '{\"isNewLine\":\"\",\"fieldValid\":\"\",\"dictName\":\"\",\"gridRowCol\":\"6/4/8\",\"dictType\":\"\"}');
INSERT IGNORE INTO `js_gen_table_column`(`id`, `table_name`, `column_name`, `column_sort`, `column_type`, `column_label`, `comments`, `attr_name`, `attr_type`, `is_pk`, `is_null`, `is_insert`, `is_update`, `is_list`, `is_query`, `query_type`, `is_edit`, `show_type`, `options`) VALUES ('1385431648489766912', 'pm_proj_lic', 'company_name', 40, 'varchar(300)', '单位名称', '单位名称', 'companyName', 'String', '', '0', '1', '1', '1', '1', 'LIKE', '1', 'input', '{\"isNewLine\":\"\",\"fieldValid\":\"\",\"dictName\":\"\",\"gridRowCol\":\"6/4/8\",\"dictType\":\"\"}');
INSERT IGNORE INTO `js_gen_table_column`(`id`, `table_name`, `column_name`, `column_sort`, `column_type`, `column_label`, `comments`, `attr_name`, `attr_type`, `is_pk`, `is_null`, `is_insert`, `is_update`, `is_list`, `is_query`, `query_type`, `is_edit`, `show_type`, `options`) VALUES ('1385431648493961216', 'pm_proj_lic', 'company_shortname', 50, 'varchar(50)', 'company_shortname', 'company_shortname', 'companyShortname', 'String', '', '1', '1', '1', '1', '1', 'EQ', '1', 'input', '{\"isNewLine\":\"\",\"fieldValid\":\"\",\"dictName\":\"\",\"gridRowCol\":\"6/4/8\",\"dictType\":\"\"}');
INSERT IGNORE INTO `js_gen_table_column`(`id`, `table_name`, `column_name`, `column_sort`, `column_type`, `column_label`, `comments`, `attr_name`, `attr_type`, `is_pk`, `is_null`, `is_insert`, `is_update`, `is_list`, `is_query`, `query_type`, `is_edit`, `show_type`, `options`) VALUES ('1385431648498155520', 'pm_proj_lic', 'start_date', 60, 'date', '生效日期', '生效日期', 'startDate', 'java.util.Date', '', '0', '1', '1', '1', '1', 'EQ', '1', 'datetime', '{\"isNewLine\":\"\",\"fieldValid\":\"\",\"dictName\":\"\",\"gridRowCol\":\"6/4/8\",\"dictType\":\"\"}');
INSERT IGNORE INTO `js_gen_table_column`(`id`, `table_name`, `column_name`, `column_sort`, `column_type`, `column_label`, `comments`, `attr_name`, `attr_type`, `is_pk`, `is_null`, `is_insert`, `is_update`, `is_list`, `is_query`, `query_type`, `is_edit`, `show_type`, `options`) VALUES ('1385431648510738432', 'pm_proj_lic', 'end_time', 70, 'date', '截止日期', '截止日期', 'endTime', 'java.util.Date', '', '0', '1', '1', '1', '1', 'EQ', '1', 'datetime', '{\"isNewLine\":\"\",\"fieldValid\":\"\",\"dictName\":\"\",\"gridRowCol\":\"6/4/8\",\"dictType\":\"\"}');
INSERT IGNORE INTO `js_gen_table_column`(`id`, `table_name`, `column_name`, `column_sort`, `column_type`, `column_label`, `comments`, `attr_name`, `attr_type`, `is_pk`, `is_null`, `is_insert`, `is_update`, `is_list`, `is_query`, `query_type`, `is_edit`, `show_type`, `options`) VALUES ('1385431648514932736', 'pm_proj_lic', 'operator_count', 80, 'int(11)', '操作员数量', '操作员数量', 'operatorCount', 'Long', '', '0', '1', '1', '1', '1', 'EQ', '1', 'input', '{\"isNewLine\":\"\",\"fieldValid\":\"digits\",\"dictName\":\"\",\"gridRowCol\":\"6/4/8\",\"dictType\":\"\"}');
INSERT IGNORE INTO `js_gen_table_column`(`id`, `table_name`, `column_name`, `column_sort`, `column_type`, `column_label`, `comments`, `attr_name`, `attr_type`, `is_pk`, `is_null`, `is_insert`, `is_update`, `is_list`, `is_query`, `query_type`, `is_edit`, `show_type`, `options`) VALUES ('1385431648531709952', 'pm_proj_lic', 'user_count', 90, 'int(11)', '用户数量', '用户数量', 'userCount', 'Long', '', '0', '1', '1', '1', '1', 'EQ', '1', 'input', '{\"isNewLine\":\"\",\"fieldValid\":\"digits\",\"dictName\":\"\",\"gridRowCol\":\"6/4/8\",\"dictType\":\"\"}');
INSERT IGNORE INTO `js_gen_table_column`(`id`, `table_name`, `column_name`, `column_sort`, `column_type`, `column_label`, `comments`, `attr_name`, `attr_type`, `is_pk`, `is_null`, `is_insert`, `is_update`, `is_list`, `is_query`, `query_type`, `is_edit`, `show_type`, `options`) VALUES ('1385431648535904256', 'pm_proj_lic', 'status', 100, 'char(1)', '状态', '状态（0正常 1删除 2停用）', 'status', 'String', '', '0', '1', '', '1', '1', 'EQ', '', 'select', '{\"isNewLine\":\"\",\"fieldValid\":\"\",\"dictName\":\"sys_search_status\",\"gridRowCol\":\"6/4/8\",\"dictType\":\"sys_search_status\"}');
INSERT IGNORE INTO `js_gen_table_column`(`id`, `table_name`, `column_name`, `column_sort`, `column_type`, `column_label`, `comments`, `attr_name`, `attr_type`, `is_pk`, `is_null`, `is_insert`, `is_update`, `is_list`, `is_query`, `query_type`, `is_edit`, `show_type`, `options`) VALUES ('1385431648540098560', 'pm_proj_lic', 'create_by', 110, 'varchar(64)', '创建者', '创建者', 'createBy', 'String', '', '0', '1', '', '', '', 'EQ', '', 'input', '{\"isNewLine\":\"\",\"fieldValid\":\"\",\"dictName\":\"\",\"gridRowCol\":\"6/4/8\",\"dictType\":\"\"}');
INSERT IGNORE INTO `js_gen_table_column`(`id`, `table_name`, `column_name`, `column_sort`, `column_type`, `column_label`, `comments`, `attr_name`, `attr_type`, `is_pk`, `is_null`, `is_insert`, `is_update`, `is_list`, `is_query`, `query_type`, `is_edit`, `show_type`, `options`) VALUES ('1385431648552681472', 'pm_proj_lic', 'create_date', 120, 'datetime', '创建时间', '创建时间', 'createDate', 'java.util.Date', '', '0', '1', '', '', '', 'EQ', '', 'input', '{\"isNewLine\":\"\",\"fieldValid\":\"\",\"dictName\":\"\",\"gridRowCol\":\"6/4/8\",\"dictType\":\"\"}');
INSERT IGNORE INTO `js_gen_table_column`(`id`, `table_name`, `column_name`, `column_sort`, `column_type`, `column_label`, `comments`, `attr_name`, `attr_type`, `is_pk`, `is_null`, `is_insert`, `is_update`, `is_list`, `is_query`, `query_type`, `is_edit`, `show_type`, `options`) VALUES ('1385431648561070080', 'pm_proj_lic', 'update_by', 130, 'varchar(64)', '更新者', '更新者', 'updateBy', 'String', '', '0', '1', '1', '', '', 'EQ', '', 'input', '{\"isNewLine\":\"\",\"fieldValid\":\"\",\"dictName\":\"\",\"gridRowCol\":\"6/4/8\",\"dictType\":\"\"}');
INSERT IGNORE INTO `js_gen_table_column`(`id`, `table_name`, `column_name`, `column_sort`, `column_type`, `column_label`, `comments`, `attr_name`, `attr_type`, `is_pk`, `is_null`, `is_insert`, `is_update`, `is_list`, `is_query`, `query_type`, `is_edit`, `show_type`, `options`) VALUES ('1385431648565264384', 'pm_proj_lic', 'update_date', 140, 'datetime', '更新时间', '更新时间', 'updateDate', 'java.util.Date', '', '0', '1', '1', '1', '', 'EQ', '', 'input', '{\"isNewLine\":\"\",\"fieldValid\":\"\",\"dictName\":\"\",\"gridRowCol\":\"6/4/8\",\"dictType\":\"\"}');
INSERT IGNORE INTO `js_gen_table_column`(`id`, `table_name`, `column_name`, `column_sort`, `column_type`, `column_label`, `comments`, `attr_name`, `attr_type`, `is_pk`, `is_null`, `is_insert`, `is_update`, `is_list`, `is_query`, `query_type`, `is_edit`, `show_type`, `options`) VALUES ('1385431648569458688', 'pm_proj_lic', 'remarks', 150, 'varchar(500)', '备注信息', '备注信息', 'remarks', 'String', '', '1', '1', '1', '1', '1', 'LIKE', '1', 'textarea', '{\"isNewLine\":\"1\",\"fieldValid\":\"\",\"dictName\":\"\",\"gridRowCol\":\"12/2/10\",\"dictType\":\"\"}');
INSERT IGNORE INTO `js_gen_table_column`(`id`, `table_name`, `column_name`, `column_sort`, `column_type`, `column_label`, `comments`, `attr_name`, `attr_type`, `is_pk`, `is_null`, `is_insert`, `is_update`, `is_list`, `is_query`, `query_type`, `is_edit`, `show_type`, `options`) VALUES ('1385432172526108672', 'pm_proj_lic_module', 'id', 10, 'varchar(20)', '编号', '编号', 'id', 'String', '1', '0', '1', '', '', '', 'EQ', '1', 'hidden', '{\"isNewLine\":\"1\",\"fieldValid\":\"abc\",\"dictName\":\"\",\"gridRowCol\":\"12/2/5\",\"dictType\":\"\"}');
INSERT IGNORE INTO `js_gen_table_column`(`id`, `table_name`, `column_name`, `column_sort`, `column_type`, `column_label`, `comments`, `attr_name`, `attr_type`, `is_pk`, `is_null`, `is_insert`, `is_update`, `is_list`, `is_query`, `query_type`, `is_edit`, `show_type`, `options`) VALUES ('1385432172530302976', 'pm_proj_lic_module', 'lic_id', 20, 'varchar(20)', '项目授权编号', '项目授权编号', 'licId', 'String', '', '0', '1', '1', '1', '1', 'EQ', '1', 'input', '{\"isNewLine\":\"1\",\"fieldValid\":\"\",\"dictName\":\"\",\"gridRowCol\":\"12/2/5\",\"dictType\":\"\"}');
INSERT IGNORE INTO `js_gen_table_column`(`id`, `table_name`, `column_name`, `column_sort`, `column_type`, `column_label`, `comments`, `attr_name`, `attr_type`, `is_pk`, `is_null`, `is_insert`, `is_update`, `is_list`, `is_query`, `query_type`, `is_edit`, `show_type`, `options`) VALUES ('1385432172534497280', 'pm_proj_lic_module', 'module_name', 30, 'varchar(200)', '模块名称', '模块名称', 'moduleName', 'String', '', '0', '1', '1', '1', '1', 'LIKE', '1', 'input', '{\"isNewLine\":\"1\",\"fieldValid\":\"\",\"dictName\":\"\",\"gridRowCol\":\"12/2/5\",\"dictType\":\"\"}');
INSERT IGNORE INTO `js_gen_table_column`(`id`, `table_name`, `column_name`, `column_sort`, `column_type`, `column_label`, `comments`, `attr_name`, `attr_type`, `is_pk`, `is_null`, `is_insert`, `is_update`, `is_list`, `is_query`, `query_type`, `is_edit`, `show_type`, `options`) VALUES ('1385432172542885888', 'pm_proj_lic_module', 'module_tag', 40, 'varchar(50)', '模块标签', '模块标签', 'moduleTag', 'String', '', '0', '1', '1', '1', '1', 'EQ', '1', 'input', '{\"isNewLine\":\"1\",\"fieldValid\":\"\",\"dictName\":\"\",\"gridRowCol\":\"12/2/5\",\"dictType\":\"\"}');
INSERT IGNORE INTO `js_gen_table_column`(`id`, `table_name`, `column_name`, `column_sort`, `column_type`, `column_label`, `comments`, `attr_name`, `attr_type`, `is_pk`, `is_null`, `is_insert`, `is_update`, `is_list`, `is_query`, `query_type`, `is_edit`, `show_type`, `options`) VALUES ('1385432172547080192', 'pm_proj_lic_module', 'module_limit', 50, 'int(11)', '模块规模限制', '模块规模限制', 'moduleLimit', 'Long', '', '1', '1', '1', '1', '', 'EQ', '1', 'input', '{\"isNewLine\":\"1\",\"fieldValid\":\"digits\",\"dictName\":\"\",\"gridRowCol\":\"12/2/5\",\"dictType\":\"\"}');
INSERT IGNORE INTO `js_gen_table_column`(`id`, `table_name`, `column_name`, `column_sort`, `column_type`, `column_label`, `comments`, `attr_name`, `attr_type`, `is_pk`, `is_null`, `is_insert`, `is_update`, `is_list`, `is_query`, `query_type`, `is_edit`, `show_type`, `options`) VALUES ('1385432172551274496', 'pm_proj_lic_module', 'module_url', 60, 'varchar(500)', '模块地址', '模块地址', 'moduleUrl', 'String', '', '1', '1', '1', '1', '1', 'LIKE', '1', 'input', '{\"isNewLine\":\"1\",\"fieldValid\":\"\",\"dictName\":\"\",\"gridRowCol\":\"12/2/5\",\"dictType\":\"\"}');

-- 授权管理

commit;

-- project
INSERT IGNORE INTO  `js_sys_dict_type`(`id`, `dict_name`, `dict_type`, `is_sys`, `status`, `create_by`, `create_date`, `update_by`, `update_date`, `remarks`) VALUES ('1384169272355106816', '二维码厂商', 'qr_type', '0', '0', 'system', '2021-04-19 23:37:26', 'system', '2021-04-19 23:37:26', '');
INSERT IGNORE INTO   `js_sys_dict_data`(`dict_code`, `parent_code`, `parent_codes`, `tree_sort`, `tree_sorts`, `tree_leaf`, `tree_level`, `tree_names`, `dict_label`, `dict_value`, `dict_type`, `is_sys`, `description`, `css_style`, `css_class`, `status`, `create_by`, `create_date`, `update_by`, `update_date`, `remarks`, `corp_code`, `corp_name`, `extend_s1`, `extend_s2`, `extend_s3`, `extend_s4`, `extend_s5`, `extend_s6`, `extend_s7`, `extend_s8`, `extend_i1`, `extend_i2`, `extend_i3`, `extend_i4`, `extend_f1`, `extend_f2`, `extend_f3`, `extend_f4`, `extend_d1`, `extend_d2`, `extend_d3`, `extend_d4`) VALUES ('1384169378760404992', '0', '0,', 30, '0000000030,', '1', 0, 'HQT', 'HQT', '1', 'qr_type', '0', '', '', '', '0', 'system', '2021-04-19 23:37:51', 'system', '2021-04-19 23:37:51', '', '0', 'JeeSite', '', '', '', '', '', '', '', '', NULL, NULL, NULL, NULL, NULL, NULL, NULL, NULL, NULL, NULL, NULL, NULL);
INSERT IGNORE INTO   `js_sys_dict_data`(`dict_code`, `parent_code`, `parent_codes`, `tree_sort`, `tree_sorts`, `tree_leaf`, `tree_level`, `tree_names`, `dict_label`, `dict_value`, `dict_type`, `is_sys`, `description`, `css_style`, `css_class`, `status`, `create_by`, `create_date`, `update_by`, `update_date`, `remarks`, `corp_code`, `corp_name`, `extend_s1`, `extend_s2`, `extend_s3`, `extend_s4`, `extend_s5`, `extend_s6`, `extend_s7`, `extend_s8`, `extend_i1`, `extend_i2`, `extend_i3`, `extend_i4`, `extend_f1`, `extend_f2`, `extend_f3`, `extend_f4`, `extend_d1`, `extend_d2`, `extend_d3`, `extend_d4`) VALUES ('1384169416593027072', '0', '0,', 60, '0000000060,', '1', 0, 'SBLS', 'SBLS', '2', 'qr_type', '0', '', '', '', '0', 'system', '2021-04-19 23:38:00', 'system', '2021-04-19 23:38:00', '', '0', 'JeeSite', '', '', '', '', '', '', '', '', NULL, NULL, NULL, NULL, NULL, NULL, NULL, NULL, NULL, NULL, NULL, NULL);

INSERT IGNORE INTO  `pm_proj_base`(`id`, `project_name`, `status`, `create_by`, `create_date`, `update_by`, `update_date`, `remarks`) VALUES ('1382292170161971200', '人大附中门禁项目', '0', 'system', '2021-04-14 19:18:30', 'system', '2021-04-19 15:00:27', '密码开门，对接数校、南开红太阳，负责数据转发');
INSERT IGNORE INTO  `pm_proj_base`(`id`, `project_name`, `status`, `create_by`, `create_date`, `update_by`, `update_date`, `remarks`) VALUES ('1384094496697737216', '政法学院图书馆二维码对接', '0', 'system', '2021-04-19 18:40:18', 'system', '2021-04-19 18:40:18', '');

commit ;
